ssn,last_updated,created
100-53-9824,2017-10-07T00:14:42Z,2016-01-24T21:19:30Z
101-71-4702,2017-01-23T11:23:17Z,2016-01-27T04:32:57Z
101-84-0356,2017-10-04T11:21:30Z,2016-09-21T23:04:07Z
104-22-0928,2017-03-28T12:38:29Z,2016-04-15T11:37:17Z
104-84-7144,2018-02-19T01:34:33Z,2016-03-15T14:07:57Z
105-27-5541,2017-07-24T08:58:52Z,2016-07-23T17:58:35Z
105-85-7486,2018-02-14T11:32:39Z,2016-12-15T05:46:43Z
105-91-5022,2018-03-24T14:29:33Z,2016-03-24T03:43:03Z
105-91-7777,2017-05-11T01:48:32Z,2016-05-31T00:38:13Z
106-35-1938,2017-10-21T01:07:28Z,2016-09-08T04:02:12Z
106-36-3293,2017-03-18T18:24:17Z,2016-05-16T21:21:36Z
110-84-3641,2017-09-04T19:02:03Z,2016-09-12T22:50:05Z
111-35-1034,2017-03-18T14:51:04Z,2016-08-21T07:36:17Z
114-06-6912,2018-02-05T20:48:34Z,2016-07-15T21:58:03Z
114-66-0984,2017-06-16T17:41:33Z,2016-05-28T20:31:25Z
114-74-8701,2017-10-30T23:54:38Z,2016-06-04T05:18:03Z
116-10-7235,2017-03-10T00:31:43Z,2016-10-17T02:11:26Z
116-77-4915,2017-11-21T14:25:11Z,2016-07-03T03:55:39Z
117-39-6617,2017-09-01T11:58:21Z,2016-12-01T10:11:17Z
117-77-9748,2017-02-18T23:09:25Z,2016-02-02T15:41:42Z
117-78-6202,2017-11-02T02:26:10Z,2016-04-18T00:25:01Z
118-21-0357,2017-12-13T09:36:48Z,2016-10-24T03:40:22Z
118-95-7100,2017-04-25T07:54:46Z,2016-01-29T12:05:28Z
119-07-8817,2017-12-24T15:31:05Z,2016-12-06T14:16:59Z
120-33-5535,2017-11-11T08:53:11Z,2016-07-10T20:49:00Z
120-98-4054,2017-12-01T17:30:55Z,2016-07-23T15:52:53Z
121-98-3948,2017-08-23T16:00:57Z,2016-06-26T23:46:48Z
123-05-3229,2017-08-16T12:08:06Z,2016-10-23T13:32:13Z
123-62-2832,2017-09-11T00:02:44Z,2016-10-22T16:14:05Z
123-88-3381,2017-02-21T16:37:38Z,2016-01-30T23:42:36Z
125-07-9434,2017-02-07T14:36:31Z,2016-07-08T17:46:23Z
127-49-2473,2017-08-31T10:03:03Z,2016-08-29T18:48:40Z
127-52-8001,2017-01-12T09:42:31Z,2016-10-09T01:14:36Z
127-68-4232,2017-03-20T06:05:42Z,2016-08-19T16:32:21Z
127-93-3548,2017-09-10T06:24:19Z,2016-07-23T01:30:03Z
128-42-4599,2017-01-29T20:31:15Z,2016-07-13T09:52:36Z
128-53-0369,2017-08-10T21:18:00Z,2016-12-19T21:37:06Z
128-53-7952,2017-08-31T16:42:23Z,2016-07-29T03:46:26Z
128-56-6040,2017-08-13T02:47:15Z,2016-03-21T08:59:56Z
128-60-4388,2017-01-03T20:33:45Z,2016-03-18T11:18:14Z
129-67-0291,2017-02-11T10:18:21Z,2016-12-12T05:01:34Z
131-81-4310,2018-03-21T12:02:31Z,2016-02-03T23:26:27Z
132-26-3507,2017-01-19T07:33:37Z,2016-05-20T01:41:54Z
134-05-0120,2017-01-29T11:53:22Z,2016-08-03T04:54:40Z
135-86-9625,2017-12-22T04:04:28Z,2016-02-28T23:53:17Z
137-13-1889,2017-12-24T09:44:10Z,2016-03-01T19:09:29Z
138-65-4579,2017-04-17T16:30:02Z,2016-12-17T07:07:47Z
138-67-1198,2018-03-04T08:14:31Z,2016-09-24T01:52:46Z
138-88-5288,2017-02-24T15:47:36Z,2016-01-04T09:37:53Z
139-04-8189,2017-02-16T21:23:10Z,2016-05-24T04:10:50Z
139-94-5865,2017-08-19T16:22:52Z,2016-09-10T21:09:28Z
139-99-6417,2018-01-17T17:51:12Z,2016-12-21T14:14:20Z
140-33-9727,2017-09-21T23:04:48Z,2016-01-27T09:02:26Z
140-58-8263,2017-11-12T21:41:50Z,2016-12-14T20:27:22Z
141-15-0543,2017-09-27T10:29:09Z,2016-07-17T22:40:37Z
141-88-9721,2018-01-24T20:00:04Z,2016-12-20T00:43:43Z
142-77-4616,2017-07-16T15:12:37Z,2016-07-30T13:28:38Z
142-87-3416,2017-05-03T14:26:58Z,2016-12-26T21:18:54Z
143-17-4714,2017-07-21T18:54:47Z,2016-02-09T06:10:21Z
145-10-8454,2017-01-18T06:37:31Z,2016-04-25T21:45:00Z
145-35-5124,2018-02-20T12:47:43Z,2016-10-03T05:18:06Z
145-78-3985,2017-06-10T06:21:46Z,2016-09-23T15:35:52Z
146-81-3446,2017-01-18T08:40:14Z,2016-09-01T08:59:50Z
147-33-1463,2018-02-09T04:41:58Z,2016-05-31T23:38:59Z
147-47-8577,2017-04-02T18:37:59Z,2016-12-11T03:05:36Z
147-63-3462,2018-02-02T13:16:51Z,2016-07-17T04:28:52Z
148-60-7519,2017-01-22T22:15:37Z,2016-04-29T08:42:29Z
149-18-7272,2017-08-31T02:41:41Z,2016-10-21T12:17:57Z
149-45-6482,2017-09-02T05:13:32Z,2016-02-23T16:20:59Z
150-64-6357,2018-02-14T23:35:53Z,2016-01-28T03:19:50Z
150-89-3343,2017-06-04T01:39:16Z,2016-04-23T14:07:49Z
151-54-3946,2018-02-08T11:16:12Z,2016-10-19T08:22:59Z
151-70-0641,2017-02-13T21:31:15Z,2016-04-28T08:28:43Z
151-78-1397,2017-07-08T04:22:30Z,2016-06-11T00:28:10Z
152-71-3526,2018-02-25T04:17:50Z,2016-10-08T19:49:04Z
153-67-1309,2017-08-16T12:03:37Z,2016-12-22T19:37:39Z
154-17-7912,2017-04-19T22:08:24Z,2016-01-29T12:43:45Z
156-18-7547,2017-09-10T22:58:31Z,2016-10-20T19:49:24Z
156-91-6848,2017-08-30T22:29:10Z,2016-05-07T06:45:32Z
157-17-9982,2017-04-17T09:11:49Z,2016-03-17T00:22:29Z
157-38-7090,2017-03-24T08:58:33Z,2016-09-15T16:11:12Z
157-51-5269,2017-11-04T20:16:50Z,2016-06-17T10:03:02Z
161-36-9710,2017-07-03T06:26:41Z,2016-06-09T05:30:33Z
161-53-4778,2017-12-03T11:09:18Z,2016-12-09T18:37:55Z
163-68-8070,2017-09-06T16:56:06Z,2016-10-23T01:47:51Z
163-98-1022,2017-03-26T04:02:28Z,2016-03-22T11:24:33Z
164-11-9849,2017-06-24T10:17:58Z,2016-04-20T11:09:05Z
166-10-4488,2017-08-14T16:48:43Z,2016-07-02T08:33:48Z
167-39-2377,2017-10-31T22:27:07Z,2016-02-03T10:32:01Z
168-02-5324,2018-01-04T21:50:39Z,2016-01-29T15:31:40Z
168-19-8754,2017-06-10T03:48:51Z,2016-09-27T15:04:24Z
168-81-0838,2017-02-11T14:12:16Z,2016-09-19T20:05:07Z
168-89-6661,2017-07-17T02:59:15Z,2016-04-30T09:17:39Z
170-65-3388,2017-03-05T00:46:26Z,2016-06-15T05:37:27Z
171-27-7781,2017-03-05T09:35:08Z,2016-09-23T03:10:37Z
172-23-7739,2018-03-02T23:30:36Z,2016-05-12T16:01:48Z
172-77-4263,2017-10-11T13:32:41Z,2016-09-10T09:18:50Z
172-89-7546,2017-01-25T02:11:06Z,2016-07-24T12:57:57Z
173-99-7372,2018-03-03T15:18:26Z,2016-10-26T15:24:37Z
174-13-2047,2017-01-28T14:24:40Z,2016-01-12T16:53:59Z
174-35-3812,2017-01-25T11:34:25Z,2016-05-14T04:55:35Z
174-51-9992,2017-03-03T19:42:18Z,2016-05-17T23:32:25Z
174-87-2537,2017-09-30T14:38:36Z,2016-08-01T11:19:25Z
176-82-1359,2017-01-14T13:36:01Z,2016-11-29T19:03:42Z
176-99-5851,2017-04-01T20:14:53Z,2016-12-03T15:08:04Z
179-88-2790,2017-03-23T01:30:12Z,2016-03-06T13:15:20Z
181-07-4434,2017-10-07T07:52:10Z,2016-11-11T20:19:19Z
181-28-8337,2017-11-30T23:28:00Z,2016-04-27T20:53:49Z
181-88-6077,2017-08-16T21:35:50Z,2016-09-15T10:22:56Z
182-15-5082,2017-10-02T06:22:27Z,2016-10-16T12:16:53Z
182-81-4541,2017-07-05T10:19:41Z,2016-07-23T03:16:13Z
183-10-5024,2017-11-03T00:36:20Z,2016-09-08T05:10:46Z
184-60-6243,2018-02-26T15:42:50Z,2016-06-16T15:17:46Z
184-84-1003,2017-10-15T21:11:17Z,2016-11-17T18:52:56Z
184-92-3560,2017-02-16T04:37:08Z,2016-07-26T19:25:30Z
184-94-5241,2017-03-28T16:56:35Z,2016-06-03T05:38:20Z
185-50-0434,2017-02-19T15:12:50Z,2016-10-24T14:03:04Z
185-84-9868,2017-07-01T13:56:28Z,2016-08-08T08:04:45Z
186-65-7773,2017-06-09T12:34:32Z,2016-09-17T22:55:15Z
188-20-9317,2017-12-26T05:29:23Z,2016-06-05T04:26:52Z
188-40-4336,2017-12-27T03:41:46Z,2016-06-30T02:48:10Z
189-26-5696,2017-08-08T19:29:59Z,2016-09-09T19:38:18Z
189-49-1458,2017-02-12T16:15:44Z,2016-06-21T04:10:57Z
190-05-6987,2017-06-06T20:51:23Z,2016-02-17T12:00:16Z
190-53-4517,2018-02-12T20:26:30Z,2016-04-15T16:42:18Z
191-15-3194,2017-07-27T09:14:42Z,2016-05-23T13:52:39Z
192-54-0695,2017-03-18T06:05:59Z,2016-11-16T01:58:55Z
192-67-3201,2017-01-19T20:59:49Z,2016-06-13T01:23:53Z
194-76-5816,2017-01-16T18:22:53Z,2016-05-26T16:11:14Z
195-23-5731,2017-05-22T16:24:23Z,2016-10-23T11:15:03Z
196-69-3796,2017-01-23T02:41:20Z,2016-08-01T21:34:06Z
198-70-6443,2017-02-13T07:16:31Z,2016-01-22T05:10:14Z
199-45-0804,2017-06-23T12:59:20Z,2016-11-07T00:25:12Z
199-54-4639,2018-02-23T10:14:54Z,2016-04-05T05:11:13Z
200-81-7151,2017-11-19T13:58:42Z,2016-07-31T19:02:12Z
201-53-1249,2017-11-25T14:19:29Z,2016-10-07T18:42:12Z
202-84-1146,2017-04-01T22:01:53Z,2016-07-21T08:10:25Z
203-35-7648,2017-12-01T14:42:14Z,2016-08-02T14:24:12Z
205-69-7375,2018-02-27T13:25:24Z,2016-05-19T12:10:37Z
205-87-2423,2018-01-01T08:17:27Z,2016-02-16T23:45:38Z
206-28-6674,2017-10-14T06:32:53Z,2016-08-01T08:02:52Z
206-83-8848,2017-11-08T14:57:17Z,2016-04-11T17:40:42Z
208-74-2166,2017-01-24T09:46:24Z,2016-02-28T08:58:53Z
208-80-5879,2017-10-16T21:39:04Z,2016-03-31T17:04:29Z
209-50-8146,2018-03-13T17:52:16Z,2016-04-10T07:14:25Z
209-58-4708,2018-02-08T21:22:02Z,2016-06-17T09:21:14Z
210-91-4729,2017-07-11T08:17:40Z,2016-12-04T00:41:08Z
211-04-1734,2018-03-11T20:29:12Z,2016-08-30T15:59:14Z
211-13-5247,2018-02-22T16:37:12Z,2016-12-20T03:14:56Z
211-15-5182,2017-04-15T16:17:42Z,2016-03-17T19:14:56Z
211-19-6826,2018-02-12T04:33:14Z,2016-08-25T22:00:15Z
212-40-0215,2017-02-01T18:11:47Z,2016-01-06T22:31:22Z
212-41-1496,2017-07-07T20:29:09Z,2016-10-27T12:47:10Z
213-28-1395,2017-06-04T04:51:16Z,2016-06-11T00:06:58Z
214-29-1189,2018-02-16T08:10:36Z,2016-06-02T00:48:02Z
214-96-8581,2017-04-30T07:25:59Z,2016-08-18T00:21:07Z
214-99-7584,2018-02-22T11:32:50Z,2016-07-14T03:30:15Z
216-89-3812,2018-03-11T20:02:23Z,2016-07-28T07:03:44Z
216-97-3104,2017-02-10T18:28:09Z,2016-09-06T08:20:10Z
217-71-3922,2017-11-11T19:44:46Z,2016-03-04T12:33:51Z
217-81-5416,2017-12-27T18:15:59Z,2016-11-20T02:39:48Z
218-14-4448,2017-07-22T09:16:18Z,2016-06-29T06:28:37Z
218-25-9873,2017-05-11T20:22:10Z,2016-03-11T12:58:01Z
218-31-1615,2017-08-03T08:57:27Z,2016-05-14T20:04:01Z
218-49-7300,2017-12-22T19:46:19Z,2016-09-17T05:14:16Z
220-16-0476,2017-03-09T16:48:29Z,2016-07-04T06:40:49Z
220-38-0208,2017-11-10T15:06:25Z,2016-10-28T19:34:21Z
222-39-8571,2017-02-03T23:45:13Z,2016-10-04T00:52:58Z
223-67-9203,2017-08-04T12:57:04Z,2016-12-02T13:29:54Z
223-98-0846,2017-03-29T16:07:06Z,2016-06-29T02:47:31Z
224-12-3436,2018-01-09T23:34:10Z,2016-10-06T12:21:57Z
224-30-9267,2017-12-17T11:57:56Z,2016-11-13T20:27:10Z
224-54-6919,2017-02-11T17:13:36Z,2016-01-30T09:03:19Z
224-84-2271,2018-01-23T21:14:49Z,2016-06-14T13:25:45Z
224-99-0668,2017-04-01T17:51:23Z,2016-01-03T06:43:07Z
225-08-5789,2017-08-05T11:29:59Z,2016-04-01T16:56:12Z
225-64-2735,2017-12-24T21:44:27Z,2016-07-16T23:01:13Z
226-76-4452,2017-07-08T12:13:02Z,2016-03-18T00:10:46Z
227-72-7247,2017-12-04T07:32:34Z,2016-08-03T15:37:18Z
228-16-7922,2017-08-07T02:28:53Z,2016-10-08T19:36:43Z
228-55-2042,2017-01-17T20:05:40Z,2016-03-08T17:42:55Z
228-90-5077,2018-02-26T10:52:03Z,2016-05-06T09:54:01Z
229-44-9909,2017-06-21T05:51:08Z,2016-12-29T08:27:03Z
230-09-1794,2018-01-27T21:49:27Z,2016-10-22T14:54:05Z
230-48-0684,2018-03-26T06:15:57Z,2016-12-29T06:00:03Z
230-99-1485,2017-08-10T19:34:42Z,2016-09-19T22:26:22Z
231-66-9264,2017-04-07T22:50:50Z,2016-06-01T08:10:38Z
232-18-5397,2017-09-23T02:16:56Z,2016-02-20T04:33:02Z
233-27-2377,2018-01-31T09:38:49Z,2016-02-13T21:32:41Z
235-10-3518,2017-08-08T16:14:22Z,2016-08-09T12:36:49Z
236-31-8333,2017-01-03T13:02:01Z,2016-01-16T12:51:28Z
236-37-2567,2017-09-01T17:59:05Z,2016-03-01T16:19:30Z
237-48-6737,2017-01-22T14:20:20Z,2016-10-19T13:28:28Z
237-80-7039,2017-06-20T05:20:53Z,2016-09-05T21:02:03Z
238-13-8034,2017-05-09T01:16:29Z,2016-02-17T14:44:51Z
238-39-9999,2017-12-17T18:36:23Z,2016-10-20T04:17:23Z
239-09-9133,2018-01-28T02:19:09Z,2016-08-04T10:29:19Z
239-37-4122,2017-09-20T20:47:44Z,2016-03-05T09:16:37Z
240-08-8805,2017-02-10T12:14:31Z,2016-08-15T20:52:10Z
240-32-8915,2017-04-18T14:30:22Z,2016-02-25T19:04:17Z
240-67-6258,2017-10-17T17:08:33Z,2016-05-24T09:11:51Z
242-22-9624,2017-03-31T04:48:46Z,2016-11-15T23:09:12Z
243-37-9496,2017-05-05T06:46:09Z,2016-09-27T00:48:56Z
243-44-4611,2017-08-28T04:20:56Z,2016-07-29T20:21:30Z
244-34-2210,2017-12-30T09:16:58Z,2016-11-12T19:43:59Z
244-52-7593,2017-12-19T22:53:28Z,2016-09-24T23:02:28Z
244-79-3004,2017-09-08T09:13:42Z,2016-08-17T18:53:29Z
244-81-0671,2017-06-23T11:56:59Z,2016-09-08T08:33:21Z
245-60-5880,2017-04-05T20:44:03Z,2016-02-06T03:16:59Z
245-77-4110,2017-03-06T05:50:56Z,2016-08-22T04:57:23Z
247-08-9326,2017-10-20T03:18:53Z,2016-09-15T04:25:48Z
247-86-5288,2017-08-07T13:12:28Z,2016-01-13T05:54:25Z
248-07-9757,2018-02-25T14:10:22Z,2016-01-25T22:14:58Z
248-23-0150,2017-03-06T02:07:51Z,2016-08-27T12:22:11Z
249-19-5514,2017-11-18T07:03:15Z,2016-07-23T19:17:37Z
253-61-8401,2018-01-22T04:02:01Z,2016-10-02T02:18:55Z
254-10-6071,2017-07-27T08:15:23Z,2016-04-01T23:46:56Z
254-92-9669,2017-06-27T08:31:24Z,2016-04-08T21:14:39Z
255-81-0958,2017-01-14T01:34:12Z,2016-09-09T15:46:19Z
256-54-7507,2017-03-06T04:47:24Z,2016-04-05T12:48:34Z
256-57-0666,2017-10-08T02:05:59Z,2016-09-30T19:42:52Z
257-12-6834,2018-03-27T21:18:39Z,2016-11-24T09:46:05Z
257-59-8603,2017-04-12T07:13:58Z,2016-06-07T14:41:15Z
257-77-3669,2017-07-29T13:33:21Z,2016-11-30T14:43:14Z
258-22-6416,2017-04-28T01:14:30Z,2016-05-07T18:26:17Z
259-38-5920,2017-07-23T21:02:37Z,2016-10-04T09:08:54Z
261-14-9490,2017-01-26T12:19:19Z,2016-04-23T09:00:56Z
262-09-2144,2018-01-07T08:54:01Z,2016-07-26T12:00:47Z
262-46-7573,2017-11-03T02:47:17Z,2016-08-22T17:08:16Z
262-55-4066,2017-06-03T10:15:39Z,2016-12-20T09:49:37Z
262-66-7030,2018-01-23T23:44:35Z,2016-03-22T03:08:03Z
264-39-3910,2017-10-05T03:39:11Z,2016-08-12T08:53:33Z
266-86-9980,2018-02-19T20:34:09Z,2016-07-07T05:06:40Z
267-75-6383,2017-01-18T03:02:58Z,2016-05-12T18:05:24Z
269-01-2640,2017-11-23T14:20:56Z,2016-09-09T08:12:54Z
271-04-0134,2017-05-14T07:18:59Z,2016-08-02T17:22:46Z
271-81-9938,2017-01-29T01:31:37Z,2016-08-16T06:47:48Z
271-93-3051,2017-02-18T16:44:02Z,2016-06-08T11:36:44Z
272-50-7309,2017-03-20T05:38:57Z,2016-02-24T17:32:46Z
272-81-7979,2018-01-14T21:06:05Z,2016-06-04T03:09:24Z
273-49-8218,2017-09-09T05:26:20Z,2016-09-27T00:05:15Z
274-50-3806,2017-05-13T05:08:51Z,2016-06-03T03:07:43Z
274-76-9883,2017-10-09T04:11:03Z,2016-12-22T11:44:48Z
276-05-2973,2017-11-03T05:30:21Z,2016-03-21T11:51:10Z
278-55-5842,2018-01-02T05:17:17Z,2016-05-01T08:36:52Z
278-64-4853,2017-12-17T20:59:08Z,2016-07-10T13:32:27Z
279-12-7167,2017-03-17T17:36:17Z,2016-08-06T01:23:43Z
279-40-5540,2017-08-25T15:27:27Z,2016-07-27T23:55:42Z
279-49-5682,2017-11-27T07:44:58Z,2016-11-09T19:42:41Z
280-53-7447,2017-05-12T07:46:05Z,2016-02-16T00:15:21Z
280-98-4410,2017-08-10T14:59:08Z,2016-10-11T07:49:19Z
281-23-3458,2017-06-21T09:17:37Z,2016-02-18T05:27:00Z
282-83-9206,2017-11-30T02:29:14Z,2016-10-11T01:11:32Z
283-04-6835,2017-05-29T02:43:42Z,2016-05-17T15:07:44Z
286-26-4004,2017-07-06T13:34:13Z,2016-07-15T11:24:21Z
287-57-9688,2017-03-25T16:51:30Z,2016-04-04T10:16:41Z
287-66-2660,2018-01-08T05:09:53Z,2016-01-03T15:12:03Z
288-54-7233,2017-04-09T03:49:03Z,2016-01-13T21:17:03Z
288-87-6462,2017-04-28T05:43:04Z,2016-06-11T06:48:08Z
289-03-9882,2017-06-29T11:35:32Z,2016-04-30T10:02:41Z
289-09-8686,2017-09-15T01:56:26Z,2016-05-18T01:46:32Z
290-25-7300,2017-04-13T06:02:34Z,2016-11-25T16:46:39Z
290-82-4968,2017-07-03T20:17:20Z,2016-03-11T04:18:51Z
293-54-3694,2017-07-10T11:18:54Z,2016-08-18T20:59:31Z
294-27-9936,2018-02-07T23:28:14Z,2016-09-14T04:10:51Z
294-53-1911,2018-03-08T15:24:15Z,2016-07-22T21:42:17Z
295-63-7693,2017-02-28T11:27:31Z,2016-01-07T04:36:56Z
296-32-7910,2017-05-08T14:27:35Z,2016-11-18T18:55:41Z
296-88-0097,2017-06-28T19:41:12Z,2016-01-01T23:18:36Z
296-90-4908,2017-05-08T13:53:40Z,2016-04-12T00:23:09Z
297-63-1154,2018-01-18T23:20:37Z,2016-03-03T14:10:01Z
298-06-3497,2017-10-24T04:25:01Z,2016-11-06T17:11:40Z
298-69-9168,2017-10-11T23:18:49Z,2016-10-30T00:58:22Z
298-70-6018,2018-02-12T10:05:39Z,2016-03-28T09:53:54Z
298-79-7640,2017-11-27T00:08:54Z,2016-11-08T08:09:05Z
299-03-6911,2017-01-19T03:33:50Z,2016-03-07T15:33:32Z
299-38-0483,2017-09-20T16:34:47Z,2016-06-01T09:06:19Z
299-77-1060,2017-03-13T01:59:12Z,2016-11-01T03:27:51Z
300-59-3610,2017-08-21T10:01:31Z,2016-06-23T04:44:22Z
300-76-8770,2017-08-21T00:03:14Z,2016-03-13T15:45:07Z
300-80-7209,2017-11-13T01:58:56Z,2016-11-08T03:17:04Z
301-26-4306,2017-06-20T20:49:12Z,2016-01-25T11:01:19Z
301-51-0522,2017-07-03T16:20:32Z,2016-07-28T02:33:50Z
302-64-4858,2018-02-22T14:59:17Z,2016-05-04T18:49:04Z
304-48-4312,2017-06-08T17:56:34Z,2016-07-23T15:40:08Z
305-07-1498,2017-06-18T05:38:20Z,2016-01-31T18:06:58Z
306-23-2423,2018-02-11T01:37:08Z,2016-09-12T02:41:26Z
306-86-2930,2017-05-10T18:03:52Z,2016-09-15T15:20:35Z
308-58-0964,2017-06-13T11:53:43Z,2016-09-29T22:38:39Z
309-04-0364,2018-03-23T00:53:44Z,2016-01-18T03:37:59Z
309-38-8085,2017-10-15T02:43:14Z,2016-05-12T11:34:16Z
310-60-2027,2018-03-20T12:53:17Z,2016-10-25T03:04:20Z
311-46-9296,2018-02-18T15:38:24Z,2016-08-06T19:03:48Z
312-38-7084,2017-08-07T14:33:15Z,2016-12-01T17:51:41Z
312-59-3476,2017-06-05T16:36:40Z,2016-06-11T17:37:47Z
312-77-3647,2017-04-30T02:56:29Z,2016-01-13T20:57:51Z
313-02-7822,2017-10-07T16:22:13Z,2016-12-09T03:16:22Z
313-52-7312,2017-11-27T22:37:28Z,2016-06-09T16:42:48Z
315-12-5664,2017-06-11T18:03:12Z,2016-05-19T13:58:32Z
315-26-2241,2017-11-27T08:16:19Z,2016-05-27T06:53:31Z
315-44-9671,2018-03-12T23:39:35Z,2016-10-19T09:51:09Z
315-78-5587,2017-08-20T18:09:02Z,2016-01-17T12:12:42Z
317-28-1600,2017-12-19T02:20:21Z,2016-10-06T03:35:19Z
317-43-2055,2017-12-26T16:31:21Z,2016-09-18T19:55:52Z
318-58-5314,2017-03-19T17:31:18Z,2016-11-27T19:18:57Z
319-43-0465,2018-03-08T08:22:23Z,2016-10-30T00:03:54Z
320-90-1419,2017-08-01T15:03:18Z,2016-05-21T16:46:58Z
320-97-9147,2017-11-27T02:56:43Z,2016-12-30T02:58:10Z
323-28-6705,2017-07-06T08:58:57Z,2016-09-23T12:24:33Z
323-33-8689,2018-02-06T11:18:46Z,2016-01-30T06:55:54Z
324-39-5230,2017-12-12T18:34:16Z,2016-08-10T15:08:01Z
324-73-8895,2018-01-31T14:40:37Z,2016-01-31T04:08:41Z
324-75-6098,2017-03-22T10:39:27Z,2016-11-29T05:09:44Z
326-64-9957,2017-01-28T20:25:31Z,2016-05-21T04:05:26Z
327-52-0546,2017-11-09T16:00:25Z,2016-06-13T20:55:47Z
327-88-7554,2017-11-24T22:24:17Z,2016-10-12T09:25:25Z
330-99-3055,2017-03-15T02:08:35Z,2016-06-13T06:58:21Z
332-83-6591,2017-06-01T21:27:02Z,2016-06-26T19:28:44Z
333-52-5097,2017-08-07T15:22:28Z,2016-10-17T19:38:37Z
333-95-5025,2017-08-28T15:13:59Z,2016-05-25T23:33:03Z
335-35-1520,2017-01-29T15:44:57Z,2016-11-26T07:21:10Z
336-48-2579,2018-03-02T16:26:48Z,2016-04-28T19:21:15Z
339-27-8046,2017-12-12T18:26:28Z,2016-04-09T03:13:49Z
339-71-2687,2017-10-22T21:42:38Z,2016-12-18T12:54:08Z
341-10-6840,2017-03-06T16:50:04Z,2016-06-04T11:29:46Z
342-05-9057,2017-03-23T06:34:05Z,2016-07-19T05:33:42Z
342-55-0538,2017-08-30T11:09:11Z,2016-01-01T10:27:44Z
342-90-9333,2017-12-02T09:54:57Z,2016-06-17T11:46:24Z
343-20-8407,2017-12-20T04:35:07Z,2016-05-11T02:02:53Z
343-81-3179,2017-10-17T18:21:38Z,2016-03-06T17:25:34Z
345-74-2160,2018-02-04T04:08:54Z,2016-07-13T23:35:12Z
347-09-3254,2017-06-30T00:52:15Z,2016-08-15T10:51:18Z
347-64-8652,2017-05-23T11:28:05Z,2016-12-30T03:51:10Z
348-73-4312,2017-09-13T10:31:30Z,2016-12-14T21:16:27Z
348-74-3224,2018-02-04T18:12:54Z,2016-05-11T22:14:46Z
349-53-8864,2017-12-27T21:15:03Z,2016-01-28T10:14:46Z
349-67-7502,2018-02-16T04:12:54Z,2016-01-12T23:12:17Z
350-20-9593,2018-02-10T22:55:27Z,2016-04-12T21:01:21Z
350-80-4646,2017-08-23T16:52:47Z,2016-05-28T08:33:21Z
351-73-2802,2017-08-11T07:49:34Z,2016-09-03T02:20:26Z
355-21-9711,2017-11-01T23:00:15Z,2016-04-22T13:52:40Z
355-52-9767,2018-03-20T23:03:28Z,2016-09-25T21:05:36Z
355-96-7706,2017-10-25T11:22:28Z,2016-03-05T08:16:19Z
356-39-9199,2017-12-04T23:53:17Z,2016-01-28T06:55:58Z
357-37-6094,2018-02-13T05:16:10Z,2016-04-26T04:10:52Z
358-84-7049,2017-02-09T07:24:45Z,2016-02-21T00:13:44Z
360-69-6230,2017-05-27T08:53:14Z,2016-12-14T18:01:16Z
361-06-1530,2017-05-06T15:05:47Z,2016-01-21T23:06:03Z
361-42-7068,2018-02-04T13:38:12Z,2016-09-07T15:20:13Z
361-49-4597,2017-11-22T09:17:58Z,2016-12-20T11:29:30Z
361-83-5004,2017-08-11T21:27:23Z,2016-12-24T03:19:11Z
362-09-8563,2017-02-07T23:59:48Z,2016-07-04T03:26:36Z
362-12-7902,2017-04-13T22:21:36Z,2016-07-11T07:18:59Z
364-25-0166,2017-10-23T16:31:42Z,2016-04-29T17:41:02Z
364-65-2174,2017-05-22T04:28:40Z,2016-05-30T08:50:02Z
366-61-0607,2017-12-27T23:53:19Z,2016-03-28T15:11:41Z
367-22-8998,2017-12-11T17:58:01Z,2016-05-13T12:00:26Z
367-62-4426,2017-05-26T03:01:24Z,2016-09-06T12:15:56Z
370-01-6977,2017-01-16T16:48:28Z,2016-06-17T10:50:49Z
370-24-5876,2018-03-10T11:48:29Z,2016-10-18T08:30:53Z
370-72-6509,2017-04-26T02:36:25Z,2016-10-28T04:26:21Z
371-28-5892,2017-10-23T05:51:02Z,2016-11-01T11:00:34Z
371-44-0582,2017-10-23T21:19:07Z,2016-12-12T22:59:07Z
371-62-3727,2017-07-26T23:48:15Z,2016-08-16T08:13:41Z
371-88-9249,2017-03-05T20:51:30Z,2016-09-15T17:57:18Z
372-44-7487,2017-10-01T03:00:17Z,2016-05-15T22:58:12Z
372-62-7057,2017-10-21T15:41:50Z,2016-07-20T20:09:24Z
373-67-2734,2017-09-12T01:34:15Z,2016-07-01T08:51:19Z
374-47-0262,2017-04-27T16:48:00Z,2016-07-20T09:51:17Z
378-08-0805,2017-01-15T07:10:09Z,2016-09-04T16:17:45Z
378-60-2472,2017-08-22T22:37:19Z,2016-11-10T10:11:19Z
378-66-0449,2018-03-12T22:26:57Z,2016-10-30T23:22:07Z
378-79-0193,2017-04-15T16:31:52Z,2016-01-26T16:53:16Z
378-88-6805,2017-07-04T17:16:15Z,2016-09-25T08:10:22Z
379-07-8748,2018-01-12T10:47:39Z,2016-01-16T03:56:28Z
380-33-9730,2017-04-03T02:41:45Z,2016-02-23T00:21:09Z
380-35-3854,2017-02-17T21:55:47Z,2016-07-31T20:06:38Z
383-18-4058,2017-06-23T20:52:15Z,2016-07-18T12:18:59Z
384-30-6793,2017-02-13T01:25:17Z,2016-06-01T20:11:29Z
384-94-2772,2018-03-10T21:16:37Z,2016-02-23T21:47:27Z
385-30-1777,2017-08-05T03:34:46Z,2016-07-30T16:51:41Z
385-34-7828,2018-03-20T08:57:25Z,2016-12-22T19:44:35Z
385-98-0431,2017-01-10T17:00:26Z,2016-12-25T11:06:50Z
386-15-7960,2018-03-27T09:56:49Z,2016-08-07T23:59:02Z
386-34-4088,2017-12-03T10:01:37Z,2016-10-17T14:16:35Z
386-68-9884,2017-11-18T04:12:19Z,2016-09-05T07:19:41Z
386-97-3523,2017-11-13T13:40:53Z,2016-01-09T18:15:53Z
389-31-0910,2017-12-02T18:44:56Z,2016-03-23T08:59:23Z
389-51-1424,2017-05-29T22:45:51Z,2016-09-12T09:50:26Z
389-84-8254,2017-08-14T20:14:13Z,2016-05-02T07:04:51Z
390-74-3062,2017-01-01T12:23:41Z,2016-11-14T16:22:16Z
391-14-9280,2018-02-16T03:12:49Z,2016-03-16T11:53:37Z
391-47-4578,2017-10-29T15:13:33Z,2016-10-24T19:42:50Z
391-73-2830,2017-10-06T15:24:33Z,2016-09-10T03:47:59Z
393-22-6585,2017-09-02T14:55:26Z,2016-08-16T12:37:59Z
396-51-1559,2017-07-02T19:03:16Z,2016-07-22T06:56:03Z
397-16-5372,2017-04-02T01:49:22Z,2016-05-07T14:44:20Z
397-29-8349,2018-03-22T14:14:02Z,2016-05-29T20:18:22Z
397-87-8282,2017-01-25T21:15:13Z,2016-06-24T08:10:55Z
399-31-2815,2017-09-26T11:01:55Z,2016-02-23T22:19:23Z
399-63-8810,2018-03-05T13:05:28Z,2016-02-29T05:22:17Z
399-81-6133,2017-12-01T11:07:24Z,2016-04-13T07:24:21Z
400-21-8654,2017-03-12T11:14:33Z,2016-03-10T08:51:14Z
400-77-6007,2017-06-02T09:22:46Z,2016-04-04T01:04:04Z
402-61-3479,2017-06-24T13:05:25Z,2016-08-07T07:54:20Z
402-65-2055,2017-12-18T19:10:32Z,2016-11-21T21:12:06Z
402-88-5570,2017-10-22T08:05:56Z,2016-08-12T10:13:54Z
403-65-1535,2017-12-17T05:20:26Z,2016-01-09T08:11:36Z
404-57-4023,2017-11-14T10:44:47Z,2016-10-13T03:34:18Z
405-25-1422,2017-11-21T00:00:30Z,2016-07-16T10:08:31Z
406-15-5123,2017-03-09T04:06:27Z,2016-10-21T22:15:43Z
406-24-4867,2017-05-30T06:52:26Z,2016-02-29T23:13:57Z
406-49-0634,2017-05-10T09:45:50Z,2016-09-06T20:39:43Z
407-30-0910,2017-08-12T23:54:25Z,2016-01-17T05:46:54Z
407-80-7367,2017-09-14T12:04:51Z,2016-07-12T09:34:11Z
407-99-6159,2017-06-08T11:39:38Z,2016-08-25T17:00:57Z
408-83-7943,2017-07-07T19:09:33Z,2016-07-17T00:22:03Z
408-98-3291,2017-05-14T10:52:18Z,2016-04-17T22:36:47Z
409-58-2034,2018-01-22T03:09:50Z,2016-06-08T17:56:28Z
409-90-8946,2017-08-14T02:56:14Z,2016-07-13T17:13:48Z
410-38-4237,2017-08-30T01:06:27Z,2016-05-08T13:01:31Z
410-76-5092,2018-01-29T02:29:38Z,2016-08-25T05:15:41Z
411-21-4276,2017-10-27T23:41:17Z,2016-05-17T20:54:00Z
411-43-4217,2017-02-19T23:02:59Z,2016-09-20T02:03:16Z
411-79-4655,2017-08-09T14:41:54Z,2016-07-14T09:28:46Z
412-50-9133,2017-10-11T22:13:28Z,2016-07-21T09:43:50Z
412-59-0452,2017-01-03T02:43:34Z,2016-06-25T01:41:03Z
412-59-8022,2018-03-09T07:03:20Z,2016-08-22T15:34:30Z
412-79-8951,2017-03-21T02:17:15Z,2016-07-10T03:10:26Z
413-14-3928,2017-11-26T02:48:22Z,2016-10-19T17:31:09Z
413-56-5613,2017-07-21T23:37:57Z,2016-11-13T17:24:37Z
415-42-0898,2017-03-28T00:21:53Z,2016-03-18T12:06:24Z
415-74-2251,2017-10-06T22:07:21Z,2016-05-11T17:16:49Z
416-37-7763,2017-12-26T01:18:50Z,2016-01-12T22:04:30Z
416-38-3607,2017-04-24T20:10:44Z,2016-01-14T22:09:43Z
416-80-6367,2017-09-24T13:12:09Z,2016-03-24T10:33:30Z
416-87-0469,2018-03-26T22:14:13Z,2016-05-12T03:26:59Z
418-72-1888,2018-02-23T09:23:21Z,2016-01-12T12:19:29Z
418-99-6659,2017-03-27T03:07:59Z,2016-05-26T07:11:49Z
420-46-7789,2017-01-25T20:25:19Z,2016-08-24T14:54:22Z
420-52-3813,2017-08-26T23:48:42Z,2016-09-21T00:55:20Z
421-01-2511,2018-03-19T13:36:26Z,2016-07-31T17:41:15Z
421-13-9794,2018-02-04T11:45:24Z,2016-06-12T16:21:05Z
421-20-3448,2017-07-08T17:17:10Z,2016-10-08T03:04:54Z
421-88-7316,2017-09-23T23:50:31Z,2016-10-17T16:59:29Z
422-67-4000,2017-01-17T05:04:19Z,2016-04-22T00:21:03Z
423-62-1820,2017-12-01T08:15:53Z,2016-04-30T08:57:45Z
423-88-4721,2017-07-20T07:25:25Z,2016-11-10T17:01:50Z
424-22-9138,2018-02-12T19:29:28Z,2016-08-02T09:33:28Z
424-91-0692,2018-01-06T03:09:36Z,2016-02-02T07:49:10Z
424-92-0863,2017-11-01T16:49:04Z,2016-01-16T17:05:35Z
426-09-8331,2017-10-01T18:25:04Z,2016-03-14T06:27:54Z
426-33-4523,2017-02-13T11:48:03Z,2016-10-13T14:08:02Z
426-52-3410,2017-11-23T10:08:43Z,2016-06-29T12:35:04Z
426-61-5374,2017-11-07T02:19:49Z,2016-06-27T21:25:46Z
427-12-4625,2017-01-20T11:24:18Z,2016-04-16T03:42:23Z
427-36-0095,2017-03-20T10:29:00Z,2016-05-04T01:28:15Z
427-96-6355,2017-02-05T10:00:57Z,2016-03-26T14:44:08Z
428-19-2946,2017-11-14T05:58:52Z,2016-06-25T00:25:32Z
428-79-0781,2018-01-30T01:53:32Z,2016-01-07T17:54:14Z
429-43-7811,2018-01-10T03:50:33Z,2016-04-11T17:59:59Z
430-27-6236,2017-01-22T19:48:31Z,2016-03-31T17:41:32Z
430-27-8349,2017-03-28T05:50:36Z,2016-10-10T06:18:11Z
432-25-8923,2017-04-19T06:56:28Z,2016-12-12T14:10:18Z
433-08-7855,2017-09-12T03:46:54Z,2016-06-09T05:57:46Z
434-41-2365,2018-03-07T21:39:34Z,2016-05-28T02:57:41Z
435-34-0115,2017-07-26T21:00:27Z,2016-10-11T09:43:33Z
438-80-0430,2017-04-12T15:23:42Z,2016-04-07T13:46:40Z
438-82-1280,2017-01-25T07:27:19Z,2016-03-04T04:21:54Z
440-60-4889,2017-05-30T16:28:38Z,2016-11-05T00:32:24Z
441-19-1376,2018-01-24T07:14:25Z,2016-02-19T04:17:24Z
442-15-1994,2017-06-02T03:08:57Z,2016-10-21T20:02:02Z
444-01-3823,2017-09-02T18:15:57Z,2016-11-16T18:37:33Z
445-49-0727,2018-03-24T09:24:05Z,2016-12-27T17:57:26Z
445-62-3843,2017-01-13T18:31:14Z,2016-10-16T16:44:53Z
446-16-1946,2017-08-30T03:24:42Z,2016-05-17T15:29:10Z
446-73-1646,2017-03-23T15:31:56Z,2016-08-25T11:40:00Z
447-05-5935,2017-04-03T01:29:04Z,2016-10-06T10:00:52Z
449-38-7421,2018-02-27T14:25:58Z,2016-05-21T19:50:24Z
450-04-1023,2017-09-13T09:36:24Z,2016-06-22T03:21:34Z
450-36-3771,2017-05-24T19:44:03Z,2016-03-14T00:49:29Z
450-36-4561,2017-11-10T13:36:59Z,2016-05-21T09:39:41Z
450-45-5021,2017-11-06T02:16:54Z,2016-09-15T07:50:46Z
450-56-7231,2017-02-23T22:08:08Z,2016-10-19T19:51:48Z
450-96-2075,2017-09-30T12:58:03Z,2016-05-16T11:50:01Z
451-34-5996,2017-06-22T16:58:53Z,2016-11-18T23:32:30Z
451-52-8000,2018-02-24T11:03:12Z,2016-10-01T17:06:58Z
452-26-9999,2018-03-14T13:42:20Z,2016-10-08T12:12:44Z
453-99-0644,2017-05-03T10:18:32Z,2016-04-01T09:04:33Z
454-36-4371,2017-09-26T23:21:07Z,2016-03-16T05:44:54Z
455-67-4513,2017-02-11T20:36:00Z,2016-10-13T16:32:04Z
455-74-3521,2018-01-02T16:04:54Z,2016-11-20T22:55:38Z
455-83-6194,2018-01-17T02:49:29Z,2016-03-27T17:29:18Z
457-55-3869,2017-09-05T17:48:10Z,2016-11-21T07:59:43Z
457-57-7890,2017-04-26T10:48:34Z,2016-01-30T09:47:45Z
457-97-6863,2017-04-23T06:22:38Z,2016-12-28T07:58:53Z
458-97-0499,2018-01-09T09:39:25Z,2016-11-24T23:17:07Z
459-29-7955,2017-02-20T01:40:33Z,2016-01-30T15:41:29Z
460-65-0321,2017-01-21T12:02:03Z,2016-05-24T10:31:27Z
461-84-2780,2017-04-22T05:06:42Z,2016-05-04T17:39:40Z
461-88-8139,2017-07-17T01:05:33Z,2016-11-27T13:35:53Z
464-21-1055,2017-03-08T21:00:06Z,2016-10-22T04:13:02Z
464-84-7886,2017-12-14T00:31:20Z,2016-07-17T23:20:06Z
465-96-0362,2018-01-09T17:48:15Z,2016-09-19T12:24:30Z
468-88-6064,2017-02-15T08:15:23Z,2016-07-17T16:40:15Z
469-08-0077,2017-06-14T13:02:33Z,2016-05-14T09:33:05Z
469-96-1488,2017-08-14T12:32:41Z,2016-08-09T16:15:51Z
470-34-5693,2018-01-17T07:45:56Z,2016-03-04T17:20:43Z
470-94-7669,2017-01-09T13:30:21Z,2016-09-29T21:11:35Z
471-28-1745,2017-04-06T14:11:14Z,2016-01-26T14:19:48Z
472-23-0389,2017-12-27T00:54:25Z,2016-03-31T02:05:29Z
473-65-7769,2017-06-21T00:26:01Z,2016-02-20T10:05:47Z
474-56-7332,2017-05-14T02:24:24Z,2016-10-11T17:27:22Z
474-95-1775,2017-04-26T11:28:52Z,2016-02-29T11:15:51Z
475-15-5394,2017-07-09T23:02:51Z,2016-11-02T08:59:11Z
475-24-1840,2017-07-21T14:36:25Z,2016-05-23T12:26:58Z
475-47-5055,2017-11-20T17:35:46Z,2016-11-02T11:16:12Z
476-27-0948,2017-09-14T01:54:07Z,2016-12-18T08:11:30Z
476-68-8276,2017-02-13T16:00:40Z,2016-09-05T15:34:54Z
477-30-0077,2017-02-01T11:36:17Z,2016-06-24T06:45:29Z
478-14-8720,2017-06-06T04:46:36Z,2016-05-15T21:32:01Z
479-49-8804,2017-01-21T06:01:32Z,2016-11-18T19:32:59Z
480-53-4039,2017-02-22T18:06:16Z,2016-11-15T19:25:39Z
481-10-0098,2018-02-19T01:34:19Z,2016-08-20T18:20:53Z
481-87-3503,2017-02-10T00:39:18Z,2016-11-08T22:52:19Z
482-88-7624,2017-11-21T14:53:45Z,2016-11-02T21:38:29Z
484-06-9645,2017-10-11T15:42:52Z,2016-10-10T23:52:51Z
484-36-9255,2018-01-25T08:26:42Z,2016-06-19T06:01:54Z
484-75-5799,2018-02-12T03:45:42Z,2016-04-12T21:29:16Z
485-39-0911,2017-06-22T09:16:31Z,2016-02-05T20:25:20Z
485-79-8123,2017-12-14T14:16:43Z,2016-04-10T23:54:06Z
486-87-1145,2017-08-25T05:12:39Z,2016-11-13T03:27:50Z
488-02-2147,2017-06-29T09:51:08Z,2016-02-06T00:37:37Z
488-12-7780,2018-01-03T00:42:57Z,2016-02-12T15:00:37Z
489-57-4785,2017-08-07T18:36:46Z,2016-11-24T17:13:02Z
491-36-8648,2017-12-26T12:31:30Z,2016-12-20T06:17:03Z
491-38-3802,2017-06-12T08:23:59Z,2016-04-18T17:30:21Z
491-89-4895,2017-02-23T13:35:45Z,2016-12-30T13:11:12Z
491-90-1059,2017-10-17T14:24:43Z,2016-01-04T05:49:42Z
493-09-7972,2017-09-11T12:20:58Z,2016-08-22T21:53:32Z
495-15-7369,2017-08-18T14:59:24Z,2016-09-22T15:08:01Z
495-62-6374,2017-05-21T12:26:52Z,2016-01-16T18:49:45Z
495-64-2134,2018-03-02T01:16:24Z,2016-04-08T01:38:27Z
495-89-7170,2017-05-23T07:30:28Z,2016-09-24T07:22:27Z
497-69-5399,2017-02-20T04:42:30Z,2016-01-18T05:30:53Z
497-73-2347,2017-09-26T09:31:00Z,2016-08-27T16:39:43Z
499-07-4759,2017-06-28T19:29:35Z,2016-08-07T22:19:21Z
499-31-5371,2017-08-03T14:53:32Z,2016-03-03T09:43:37Z
499-42-7583,2017-02-07T13:22:07Z,2016-10-13T12:17:20Z
499-44-2439,2017-01-14T06:00:18Z,2016-08-18T13:02:28Z
499-99-6990,2017-03-26T14:57:22Z,2016-05-06T00:10:50Z
500-14-7051,2018-01-24T13:21:41Z,2016-10-28T08:25:21Z
500-41-0658,2017-11-08T13:53:40Z,2016-11-08T07:20:24Z
500-45-7881,2018-03-09T03:36:58Z,2016-06-13T15:45:12Z
500-71-6995,2017-11-11T11:44:40Z,2016-12-11T02:47:02Z
502-07-7030,2017-10-26T19:52:50Z,2016-07-23T18:58:32Z
502-60-9632,2017-06-03T22:56:33Z,2016-03-22T00:13:06Z
504-41-5919,2018-01-06T23:34:37Z,2016-04-16T22:38:46Z
505-37-1520,2017-01-07T15:46:57Z,2016-08-08T03:35:14Z
505-88-6030,2018-03-11T11:28:33Z,2016-01-09T23:30:05Z
506-02-3957,2018-03-26T10:53:26Z,2016-08-19T22:34:54Z
507-40-9429,2017-09-01T07:06:29Z,2016-01-27T19:38:50Z
507-67-9726,2018-02-28T00:40:09Z,2016-01-04T08:12:11Z
507-99-2334,2017-11-28T01:35:58Z,2016-03-18T21:41:49Z
508-54-3168,2017-11-29T20:18:24Z,2016-09-29T05:12:25Z
509-39-1128,2017-04-30T21:28:01Z,2016-07-20T14:12:38Z
509-46-4927,2017-02-11T13:16:34Z,2016-04-01T05:21:28Z
510-34-4633,2018-03-15T14:30:23Z,2016-10-12T20:26:13Z
511-28-0914,2017-06-17T13:44:58Z,2016-06-20T06:31:35Z
511-95-4867,2017-04-05T12:51:50Z,2016-06-06T12:04:55Z
513-68-2140,2017-09-19T21:11:05Z,2016-10-07T18:48:30Z
515-47-1848,2018-02-09T16:48:47Z,2016-10-05T09:32:19Z
517-05-0600,2017-07-12T19:07:36Z,2016-09-21T03:51:44Z
519-15-9299,2018-02-26T07:12:29Z,2016-01-17T05:02:15Z
519-58-0341,2018-02-26T07:41:07Z,2016-05-27T11:39:00Z
520-81-0974,2017-03-21T06:39:08Z,2016-07-31T23:47:30Z
521-82-5436,2017-04-02T21:07:07Z,2016-09-09T10:55:06Z
522-54-3565,2018-02-10T22:53:17Z,2016-01-16T08:03:57Z
523-07-2359,2017-06-24T01:04:12Z,2016-04-09T22:37:45Z
523-44-3601,2017-05-23T22:05:29Z,2016-12-30T19:25:42Z
523-53-2420,2017-04-16T15:08:46Z,2016-12-08T23:10:55Z
523-85-4846,2017-09-05T05:22:25Z,2016-06-17T08:35:44Z
523-91-3280,2017-02-27T10:20:16Z,2016-03-26T23:24:45Z
524-28-4450,2017-12-09T01:32:24Z,2016-10-27T10:52:19Z
526-45-2767,2018-01-02T04:36:28Z,2016-01-17T03:59:02Z
526-98-9361,2017-04-03T02:58:51Z,2016-01-16T10:59:40Z
527-55-3736,2018-02-21T04:37:24Z,2016-04-04T07:13:28Z
527-72-3566,2017-02-27T21:21:23Z,2016-06-11T17:00:06Z
528-10-7051,2017-04-14T11:04:37Z,2016-08-19T05:19:06Z
528-26-2803,2017-12-30T12:19:16Z,2016-04-20T05:09:52Z
531-38-1945,2017-09-12T13:13:39Z,2016-06-13T23:32:48Z
531-53-5021,2017-06-26T03:17:29Z,2016-05-25T19:48:13Z
531-67-4340,2017-07-10T19:25:58Z,2016-03-23T15:02:03Z
531-79-0948,2017-12-02T10:39:02Z,2016-03-18T20:02:24Z
532-36-4145,2017-02-12T02:37:42Z,2016-03-25T18:33:23Z
534-50-6091,2017-03-27T06:04:16Z,2016-11-19T11:20:44Z
534-68-0554,2018-01-27T23:43:57Z,2016-01-24T05:51:46Z
534-86-8290,2017-02-13T19:32:45Z,2016-07-05T03:37:45Z
535-66-3671,2017-07-30T03:32:59Z,2016-10-15T07:09:00Z
536-23-6599,2018-03-08T16:15:55Z,2016-08-21T03:28:18Z
537-46-3891,2018-01-25T23:06:25Z,2016-12-25T08:29:03Z
538-46-6131,2017-06-10T05:07:07Z,2016-09-09T23:20:32Z
538-68-5142,2018-01-20T05:23:00Z,2016-05-14T11:03:08Z
541-54-1497,2017-11-27T22:19:21Z,2016-10-18T14:16:21Z
542-74-6343,2017-08-04T01:57:18Z,2016-11-16T15:08:18Z
543-38-7657,2017-01-10T10:45:24Z,2016-02-02T07:03:33Z
543-61-1911,2017-04-14T01:35:24Z,2016-08-19T01:38:44Z
543-67-6841,2017-07-31T04:04:48Z,2016-08-24T21:30:14Z
545-66-8802,2017-08-31T13:48:46Z,2016-06-17T14:30:31Z
547-35-4478,2017-03-11T09:08:41Z,2016-09-19T01:56:36Z
548-72-2840,2017-12-20T20:20:28Z,2016-05-08T20:47:30Z
549-90-2887,2017-12-20T00:20:19Z,2016-08-25T07:14:55Z
551-57-4018,2018-03-20T20:28:18Z,2016-06-18T20:47:47Z
551-92-2534,2017-09-08T05:52:48Z,2016-04-27T21:47:39Z
552-61-0289,2017-08-31T09:48:34Z,2016-05-07T02:50:28Z
553-77-2419,2017-02-01T16:22:38Z,2016-10-28T18:26:42Z
555-99-5216,2018-01-27T02:43:43Z,2016-01-31T03:29:40Z
556-13-4040,2017-04-30T07:12:18Z,2016-11-27T10:43:54Z
557-28-9953,2017-11-10T10:47:29Z,2016-12-03T05:14:30Z
557-33-7476,2017-08-07T22:00:46Z,2016-10-17T21:51:04Z
557-77-8703,2017-06-10T19:53:49Z,2016-02-04T16:52:53Z
558-37-7838,2017-06-17T00:30:00Z,2016-07-20T11:41:19Z
559-33-6365,2018-03-28T19:40:00Z,2016-09-23T17:18:33Z
559-54-7102,2017-08-09T23:42:22Z,2016-05-12T13:58:49Z
560-06-2687,2017-11-28T04:40:55Z,2016-12-09T06:19:35Z
561-96-2313,2018-02-18T12:34:56Z,2016-09-06T09:33:44Z
561-98-2281,2018-03-03T10:35:08Z,2016-04-23T08:10:39Z
562-62-6370,2018-01-12T18:03:43Z,2016-10-30T20:15:49Z
563-21-6857,2017-04-23T12:04:09Z,2016-05-28T08:07:22Z
563-27-3427,2018-01-09T08:57:36Z,2016-08-17T23:43:40Z
564-89-9688,2017-02-14T23:54:33Z,2016-03-31T02:45:10Z
566-56-7324,2017-11-16T23:05:52Z,2016-04-15T11:09:30Z
566-62-0141,2017-02-18T07:17:52Z,2016-01-11T04:58:23Z
567-02-8700,2017-07-30T04:01:07Z,2016-09-29T09:13:07Z
567-82-8701,2017-10-25T02:27:51Z,2016-08-14T14:48:11Z
569-26-2487,2017-09-15T21:46:22Z,2016-04-03T06:39:26Z
569-52-7923,2017-04-08T09:43:21Z,2016-07-20T09:26:59Z
570-01-5640,2017-01-03T03:11:19Z,2016-05-26T07:27:46Z
570-86-3275,2017-07-20T05:21:36Z,2016-10-18T21:08:26Z
571-12-4962,2017-07-19T09:41:08Z,2016-02-05T03:46:06Z
572-82-5200,2018-01-27T05:07:04Z,2016-08-20T18:17:04Z
573-94-0348,2017-04-21T15:02:45Z,2016-05-10T20:32:56Z
573-97-4729,2017-05-08T00:22:01Z,2016-04-29T23:31:18Z
574-60-0475,2017-03-07T19:20:25Z,2016-08-29T09:31:28Z
574-91-3682,2017-04-10T23:34:54Z,2016-07-25T14:49:36Z
576-18-1075,2017-03-12T22:57:39Z,2016-12-05T06:23:55Z
576-41-7443,2018-03-24T13:07:48Z,2016-11-11T23:18:08Z
578-02-0932,2017-05-01T01:16:14Z,2016-11-08T01:31:06Z
578-58-6435,2017-12-27T08:53:35Z,2016-01-02T15:27:34Z
579-87-4014,2017-09-12T22:44:20Z,2016-09-26T15:07:07Z
581-15-8015,2017-11-09T17:23:35Z,2016-02-20T10:38:04Z
581-95-7591,2017-04-01T06:46:15Z,2016-11-14T07:22:02Z
582-71-1805,2017-12-03T11:39:18Z,2016-01-07T13:02:26Z
583-61-3519,2017-05-12T16:20:41Z,2016-10-15T17:14:14Z
583-76-7497,2017-08-14T16:13:45Z,2016-05-28T10:46:29Z
585-03-2819,2017-05-14T16:27:26Z,2016-04-07T22:06:31Z
585-96-1853,2018-03-21T05:22:51Z,2016-04-17T20:47:16Z
586-85-4199,2017-11-29T06:11:57Z,2016-04-03T04:01:59Z
587-94-0609,2018-03-18T16:53:48Z,2016-09-30T14:28:13Z
588-48-7326,2017-06-18T19:58:02Z,2016-02-18T14:11:06Z
589-15-0686,2017-11-05T12:02:34Z,2016-06-21T09:34:58Z
591-02-4614,2017-04-02T01:10:25Z,2016-12-05T01:14:58Z
591-09-5002,2017-11-26T23:30:04Z,2016-07-06T12:09:38Z
591-34-2920,2017-08-08T05:30:21Z,2016-06-22T02:52:34Z
592-23-4343,2017-12-07T16:05:21Z,2016-05-23T22:05:04Z
594-37-6620,2017-09-27T08:10:15Z,2016-10-10T04:10:56Z
594-80-1212,2017-07-07T08:16:39Z,2016-06-21T04:45:10Z
595-51-3047,2017-03-14T22:18:40Z,2016-02-12T17:16:20Z
595-67-1091,2017-07-01T09:48:41Z,2016-09-04T04:32:10Z
597-45-6867,2018-02-07T17:30:11Z,2016-02-12T03:08:30Z
597-53-1918,2017-11-14T21:14:01Z,2016-04-03T02:12:30Z
597-63-4107,2017-03-27T01:22:14Z,2016-10-26T22:52:17Z
598-39-5585,2018-02-21T00:59:26Z,2016-09-08T06:13:14Z
599-56-9050,2018-01-12T12:02:36Z,2016-05-21T00:57:43Z
599-69-3085,2017-01-05T11:40:43Z,2016-05-08T07:18:12Z
599-69-5584,2017-10-11T17:31:15Z,2016-12-26T10:45:34Z
600-52-7214,2017-06-07T04:47:28Z,2016-03-16T07:26:33Z
601-01-2163,2017-03-22T11:37:39Z,2016-01-22T01:21:34Z
601-04-5606,2018-02-26T20:14:17Z,2016-01-10T19:15:36Z
601-06-5384,2017-12-02T22:12:48Z,2016-10-07T00:05:24Z
603-31-3174,2018-03-05T13:44:43Z,2016-04-26T19:38:09Z
603-34-9733,2017-10-05T18:16:00Z,2016-11-04T04:36:19Z
603-76-5257,2017-07-14T18:02:22Z,2016-06-03T18:08:39Z
604-19-5709,2018-03-05T14:31:26Z,2016-12-01T01:36:20Z
605-15-8306,2017-12-25T00:54:15Z,2016-11-30T16:34:33Z
605-26-7064,2017-01-04T00:53:36Z,2016-03-01T09:03:08Z
605-55-6033,2017-03-31T00:49:36Z,2016-04-05T02:36:33Z
608-13-9301,2018-03-27T00:00:32Z,2016-07-19T07:55:13Z
612-27-1398,2017-12-06T14:48:11Z,2016-09-30T03:00:57Z
612-30-5754,2017-09-18T17:32:43Z,2016-12-18T13:54:40Z
615-38-6466,2017-10-21T13:45:37Z,2016-07-11T11:27:16Z
617-38-3504,2017-05-22T11:45:40Z,2016-01-08T20:37:03Z
617-71-4058,2017-08-12T04:22:36Z,2016-05-22T22:29:31Z
618-35-5798,2017-08-27T00:20:31Z,2016-06-03T13:41:34Z
620-81-4914,2018-01-14T12:10:57Z,2016-10-12T19:39:46Z
623-98-4252,2018-03-11T06:59:54Z,2016-09-16T01:15:15Z
624-99-0933,2017-03-21T06:46:30Z,2016-02-25T04:54:00Z
625-84-8454,2018-03-24T07:01:42Z,2016-03-26T08:55:23Z
627-36-1126,2018-03-17T15:40:40Z,2016-02-10T21:40:20Z
627-91-0537,2018-02-02T23:21:31Z,2016-09-19T11:58:22Z
629-10-9201,2017-07-29T21:33:34Z,2016-02-19T04:34:52Z
629-13-0131,2017-09-02T11:22:53Z,2016-12-22T22:11:38Z
629-54-4455,2017-03-06T13:59:29Z,2016-05-15T22:02:20Z
629-91-9506,2017-02-07T18:07:51Z,2016-06-19T17:17:28Z
630-21-7841,2017-06-05T13:35:14Z,2016-10-17T03:33:57Z
631-44-9168,2017-01-29T16:20:07Z,2016-03-06T08:30:58Z
631-72-9770,2017-04-02T04:50:38Z,2016-06-15T22:04:48Z
633-96-5921,2017-06-08T16:58:45Z,2016-10-26T05:58:19Z
634-42-8798,2017-01-20T07:00:33Z,2016-08-07T10:51:44Z
634-90-4851,2018-03-25T08:52:19Z,2016-01-02T20:40:16Z
635-99-3249,2017-11-04T22:22:21Z,2016-03-26T15:45:25Z
637-74-3365,2017-05-02T06:27:00Z,2016-03-13T10:58:19Z
639-08-7138,2018-01-06T02:57:15Z,2016-09-06T18:30:40Z
640-86-4661,2018-03-22T08:58:59Z,2016-01-12T00:14:10Z
641-11-8353,2017-05-24T08:40:40Z,2016-07-23T02:46:34Z
643-10-4736,2017-10-24T04:50:37Z,2016-07-29T23:45:04Z
644-68-2955,2017-10-11T12:51:58Z,2016-06-21T12:01:17Z
644-70-8292,2017-01-02T00:10:46Z,2016-03-24T13:39:53Z
645-33-6872,2017-04-02T04:01:49Z,2016-06-22T14:25:18Z
646-69-6845,2017-02-25T07:48:17Z,2016-02-29T08:32:23Z
647-24-7807,2018-01-12T10:01:33Z,2016-11-07T11:29:25Z
647-82-5575,2018-01-19T09:44:53Z,2016-06-30T09:53:05Z
648-50-5566,2017-08-30T11:50:20Z,2016-03-02T10:16:25Z
648-92-3395,2018-01-19T12:21:13Z,2016-11-09T12:23:14Z
650-63-9841,2017-12-12T08:39:46Z,2016-10-04T06:20:18Z
650-73-2431,2017-11-18T06:51:02Z,2016-08-22T07:33:55Z
650-89-8244,2017-12-23T16:32:07Z,2016-10-09T14:12:44Z
651-83-5203,2017-09-30T08:02:00Z,2016-10-24T07:19:32Z
652-46-3664,2017-03-26T08:40:41Z,2016-07-19T09:43:16Z
652-96-9901,2017-06-08T17:56:13Z,2016-01-27T00:12:46Z
653-23-1607,2017-09-06T14:46:45Z,2016-12-06T03:41:10Z
653-49-0510,2017-03-17T16:26:22Z,2016-07-09T07:39:36Z
654-61-1601,2017-09-28T18:06:41Z,2016-05-04T02:46:14Z
654-68-3903,2017-11-23T06:49:48Z,2016-04-10T22:34:25Z
654-75-3300,2017-10-08T21:03:38Z,2016-10-16T07:41:03Z
655-98-7788,2018-02-11T08:54:51Z,2016-09-18T04:43:13Z
656-92-1337,2017-12-05T11:09:20Z,2016-01-25T11:30:29Z
658-21-3014,2017-04-14T18:38:07Z,2016-09-07T14:58:13Z
658-34-0029,2017-05-01T12:27:03Z,2016-01-25T17:21:32Z
658-97-8544,2017-03-26T01:11:52Z,2016-03-06T06:46:54Z
659-43-4520,2017-10-10T01:12:00Z,2016-04-04T18:49:20Z
667-57-3442,2017-03-14T22:11:07Z,2016-10-09T00:53:12Z
667-87-7090,2017-04-06T08:33:35Z,2016-01-24T10:41:14Z
669-12-9323,2017-01-02T17:34:07Z,2016-11-19T23:07:04Z
669-83-8959,2017-05-17T09:55:04Z,2016-08-12T16:03:03Z
670-56-7817,2018-02-22T00:50:59Z,2016-03-17T21:37:14Z
670-66-6403,2017-03-30T16:44:59Z,2016-06-30T15:45:29Z
670-67-9679,2017-07-07T10:06:25Z,2016-09-13T20:38:45Z
670-89-3434,2017-03-27T04:00:01Z,2016-11-03T11:39:45Z
671-16-1411,2017-03-21T13:08:56Z,2016-06-17T12:34:51Z
671-71-9470,2017-01-15T05:30:49Z,2016-02-24T17:39:32Z
671-76-8792,2017-10-16T01:26:58Z,2016-03-03T01:23:14Z
672-60-8782,2017-06-07T00:09:26Z,2016-11-23T15:36:09Z
673-83-5713,2017-12-20T12:23:14Z,2016-03-05T11:42:23Z
674-64-0219,2017-12-26T19:57:37Z,2016-06-02T21:36:30Z
675-31-0953,2017-09-20T22:55:45Z,2016-01-09T18:15:03Z
675-41-4272,2017-07-30T14:15:09Z,2016-03-10T19:18:59Z
678-60-4630,2017-10-27T21:29:38Z,2016-10-29T08:46:33Z
679-22-5301,2017-03-04T17:47:51Z,2016-08-23T07:16:39Z
680-11-2707,2017-12-29T10:10:26Z,2016-07-13T12:11:36Z
681-72-2644,2017-12-14T23:56:34Z,2016-03-01T22:01:49Z
682-06-8032,2017-10-30T09:02:06Z,2016-07-26T13:53:52Z
682-68-1965,2017-05-15T06:47:27Z,2016-03-07T13:23:11Z
682-73-2035,2017-11-17T11:41:06Z,2016-09-23T15:20:47Z
684-49-8302,2017-05-17T08:35:15Z,2016-07-17T22:40:06Z
684-95-5429,2018-02-20T13:57:55Z,2016-09-06T18:26:18Z
686-22-5917,2017-04-16T16:32:39Z,2016-05-21T09:26:22Z
687-27-5241,2017-02-14T09:45:31Z,2016-10-29T23:44:20Z
687-98-6782,2018-03-12T05:36:23Z,2016-06-26T08:48:22Z
689-25-7868,2017-08-15T00:59:04Z,2016-03-22T10:29:14Z
690-61-7133,2017-10-19T02:16:19Z,2016-12-02T01:33:50Z
692-31-0697,2018-01-28T18:18:17Z,2016-05-22T21:42:24Z
692-38-3792,2017-05-08T07:45:55Z,2016-04-18T15:51:11Z
694-86-1783,2017-03-03T20:12:04Z,2016-05-07T08:22:45Z
695-51-8778,2017-04-27T06:36:27Z,2016-04-03T06:49:13Z
696-10-4037,2017-04-12T06:13:59Z,2016-05-14T00:18:27Z
696-45-6436,2017-03-08T07:13:38Z,2016-11-23T22:05:51Z
698-76-6576,2017-05-24T13:43:46Z,2016-06-13T13:12:48Z
698-94-3612,2018-03-02T20:18:21Z,2016-09-13T06:27:53Z
699-17-4497,2018-01-28T19:14:50Z,2016-07-01T08:02:58Z
700-49-1211,2017-07-30T16:04:54Z,2016-10-05T02:35:58Z
700-73-0102,2017-12-09T02:13:14Z,2016-12-10T13:15:01Z
701-06-8590,2017-02-28T13:36:13Z,2016-10-06T08:31:58Z
701-53-6262,2017-06-21T05:52:12Z,2016-02-24T05:03:23Z
702-02-6635,2017-03-15T02:47:39Z,2016-06-22T01:13:40Z
702-67-5109,2017-09-19T22:31:18Z,2016-11-02T14:50:30Z
704-72-4439,2017-05-01T16:53:24Z,2016-10-23T02:11:33Z
705-15-6989,2017-11-01T15:06:19Z,2016-07-15T21:23:23Z
705-98-0229,2017-08-30T12:22:27Z,2016-04-18T08:49:27Z
709-73-6600,2017-02-13T09:25:57Z,2016-06-11T05:51:57Z
714-55-2111,2017-12-20T02:09:58Z,2016-11-23T07:42:23Z
715-89-3174,2017-03-28T11:51:55Z,2016-12-30T03:39:33Z
717-91-7919,2017-06-04T08:32:28Z,2016-11-21T02:30:18Z
718-89-7490,2017-05-26T15:36:39Z,2016-11-19T04:10:20Z
718-91-6110,2017-06-04T04:54:29Z,2016-02-16T18:50:33Z
719-05-6621,2017-09-17T14:33:45Z,2016-05-09T18:56:22Z
719-96-8751,2017-06-09T04:59:08Z,2016-12-07T01:36:10Z
720-63-4381,2017-12-25T07:50:51Z,2016-09-30T14:57:45Z
722-30-1903,2017-03-04T04:26:48Z,2016-05-26T19:29:22Z
722-64-9283,2017-01-10T03:41:51Z,2016-02-06T23:09:16Z
723-36-6692,2017-07-19T07:29:55Z,2016-11-22T10:41:14Z
724-90-0728,2017-03-27T09:02:07Z,2016-08-22T18:36:49Z
725-23-0793,2017-08-05T14:59:13Z,2016-11-16T23:22:54Z
727-48-6769,2017-01-25T10:45:49Z,2016-01-17T15:04:05Z
727-82-4383,2017-05-30T09:56:17Z,2016-09-28T18:35:57Z
728-54-5322,2017-08-15T03:53:09Z,2016-06-10T23:47:18Z
729-95-1691,2017-03-15T07:34:31Z,2016-03-29T21:15:40Z
731-22-8474,2017-12-23T02:30:00Z,2016-02-04T14:11:45Z
733-29-1354,2017-04-03T17:34:09Z,2016-06-30T06:40:19Z
733-78-5243,2017-02-17T10:18:01Z,2016-11-15T06:29:00Z
735-42-4024,2017-12-24T08:06:06Z,2016-09-13T18:42:53Z
736-60-2127,2017-09-05T18:31:29Z,2016-08-13T08:19:59Z
737-89-8983,2017-05-21T16:07:36Z,2016-07-15T14:34:42Z
738-38-4091,2017-11-29T13:09:59Z,2016-06-09T21:05:36Z
738-65-3635,2018-03-16T06:32:33Z,2016-02-28T11:38:16Z
740-64-7874,2017-08-12T20:45:10Z,2016-08-03T14:00:00Z
741-53-2153,2017-11-10T10:12:08Z,2016-06-17T22:23:46Z
741-56-7694,2017-08-24T02:44:18Z,2016-07-04T05:40:34Z
741-90-1249,2017-08-19T23:01:21Z,2016-03-29T23:29:59Z
743-75-2371,2017-12-27T09:33:42Z,2016-05-06T13:55:20Z
743-87-2936,2017-03-20T12:04:31Z,2016-04-25T16:46:48Z
744-87-2990,2018-01-05T02:08:06Z,2016-05-30T06:08:25Z
745-19-1777,2017-12-10T05:19:31Z,2016-09-24T05:16:01Z
746-55-1405,2018-03-19T22:03:58Z,2016-05-09T20:19:17Z
747-12-8456,2017-10-31T19:25:51Z,2016-02-09T13:36:38Z
749-85-8879,2018-03-15T11:44:12Z,2016-08-16T12:10:53Z
753-94-0630,2017-07-10T10:20:56Z,2016-08-09T23:36:27Z
753-98-5796,2017-04-12T03:50:04Z,2016-07-31T18:20:35Z
754-28-9729,2017-01-26T01:29:36Z,2016-11-26T20:01:18Z
754-49-4659,2017-03-15T20:21:58Z,2016-05-23T22:18:13Z
755-08-4000,2017-02-09T09:44:00Z,2016-04-22T18:06:55Z
756-40-2283,2017-12-11T03:00:57Z,2016-07-13T09:13:41Z
758-20-5576,2017-05-31T12:09:25Z,2016-04-23T00:47:19Z
761-01-2227,2017-06-28T02:36:32Z,2016-09-18T04:30:32Z
761-64-5650,2017-12-05T03:51:14Z,2016-09-05T12:55:59Z
762-43-8029,2017-09-27T08:58:46Z,2016-04-25T19:17:14Z
763-09-1587,2017-01-22T12:35:38Z,2016-11-24T19:46:06Z
764-93-2248,2017-11-26T01:41:24Z,2016-09-28T17:49:11Z
765-35-8117,2018-01-09T18:02:38Z,2016-02-15T20:23:54Z
765-45-5973,2018-02-21T23:13:46Z,2016-12-07T23:05:35Z
765-87-9144,2017-07-10T16:23:32Z,2016-11-04T17:25:08Z
767-05-4859,2018-01-31T21:21:01Z,2016-01-27T09:33:55Z
767-55-6767,2017-04-20T11:34:08Z,2016-06-27T19:32:03Z
768-54-5764,2017-08-30T01:27:30Z,2016-06-29T17:01:52Z
768-74-8540,2017-11-26T21:46:34Z,2016-10-20T21:46:50Z
770-61-8252,2018-02-03T13:33:14Z,2016-04-17T06:15:58Z
771-20-6900,2017-11-23T12:17:15Z,2016-08-30T12:37:04Z
771-71-0505,2017-07-13T12:42:39Z,2016-03-07T13:28:27Z
773-21-9639,2018-03-02T08:43:41Z,2016-02-07T11:06:08Z
773-53-7438,2017-12-19T01:55:17Z,2016-11-09T02:56:26Z
773-82-1734,2018-03-18T02:18:27Z,2016-02-25T17:48:36Z
774-08-5376,2017-03-12T02:08:02Z,2016-04-27T17:03:03Z
775-09-9949,2017-06-02T15:49:20Z,2016-02-16T01:01:56Z
777-05-1491,2017-12-04T00:30:27Z,2016-11-18T15:01:06Z
777-68-2978,2018-01-16T09:16:18Z,2016-10-01T07:34:26Z
777-94-4586,2017-12-31T01:14:06Z,2016-01-05T01:14:12Z
778-74-8262,2017-02-05T11:21:48Z,2016-08-07T11:55:04Z
779-59-1449,2017-12-11T23:10:58Z,2016-07-28T01:52:02Z
780-69-8282,2018-03-30T05:53:21Z,2016-05-14T22:09:03Z
781-88-2076,2017-04-19T07:31:17Z,2016-04-11T20:43:18Z
782-46-9660,2017-04-01T05:08:18Z,2016-01-01T08:04:02Z
782-60-6848,2017-11-15T03:57:38Z,2016-09-20T22:18:05Z
783-22-9258,2017-09-24T10:26:26Z,2016-08-15T14:08:12Z
784-88-0730,2018-03-21T03:30:28Z,2016-05-13T11:04:30Z
785-14-5978,2017-06-07T10:58:05Z,2016-12-24T15:17:46Z
786-56-3561,2017-03-26T03:19:25Z,2016-06-09T18:03:55Z
786-63-6223,2017-10-28T07:13:44Z,2016-02-27T05:20:02Z
787-05-9008,2018-03-09T00:38:25Z,2016-06-28T01:11:13Z
787-09-5697,2017-08-09T08:21:11Z,2016-07-06T12:51:06Z
787-10-7877,2017-02-25T00:07:52Z,2016-03-12T16:12:35Z
788-15-2625,2017-04-15T18:33:44Z,2016-03-06T13:43:25Z
789-70-1821,2017-11-03T11:08:28Z,2016-02-03T05:46:32Z
790-04-1283,2017-10-27T13:54:32Z,2016-06-07T20:42:37Z
792-71-8046,2017-05-14T21:01:04Z,2016-03-17T22:35:16Z
794-24-3802,2018-01-12T23:56:57Z,2016-02-23T01:42:06Z
795-56-6486,2018-02-01T02:41:25Z,2016-04-27T00:12:34Z
795-77-5263,2017-03-24T22:00:29Z,2016-10-23T17:41:19Z
797-05-2289,2018-01-18T18:54:47Z,2016-05-08T19:38:28Z
797-25-9814,2017-11-17T21:58:14Z,2016-05-16T14:28:50Z
797-65-2382,2017-01-24T12:07:57Z,2016-02-25T16:22:08Z
797-87-7992,2018-02-24T14:55:36Z,2016-10-19T09:48:40Z
798-34-1082,2017-03-22T13:48:42Z,2016-07-18T12:49:34Z
798-65-5644,2017-11-29T05:03:57Z,2016-12-05T04:31:19Z
800-06-9721,2017-06-15T11:45:18Z,2016-10-06T04:19:10Z
801-08-8313,2017-06-06T18:04:07Z,2016-02-17T16:51:58Z
801-92-6460,2017-05-30T19:12:17Z,2016-11-03T07:17:01Z
801-99-2773,2017-08-21T10:25:47Z,2016-07-26T08:24:12Z
804-46-0617,2017-06-09T18:37:10Z,2016-11-06T06:36:15Z
807-13-5922,2017-03-12T16:29:50Z,2016-06-17T23:04:05Z
807-24-6202,2017-12-22T04:19:35Z,2016-02-20T03:53:16Z
807-25-6136,2017-07-10T21:58:09Z,2016-06-30T11:32:14Z
807-35-8936,2017-03-10T08:11:51Z,2016-05-20T15:53:34Z
807-50-8539,2017-08-25T17:02:07Z,2016-11-17T19:43:48Z
807-60-5615,2017-01-20T08:10:18Z,2016-01-21T10:04:00Z
808-55-8658,2017-09-30T09:38:27Z,2016-09-23T12:37:50Z
808-80-2542,2018-01-03T12:45:59Z,2016-02-02T04:18:46Z
811-65-2750,2017-06-11T23:31:14Z,2016-02-20T08:23:25Z
812-11-9403,2017-05-15T16:09:23Z,2016-08-30T15:39:09Z
813-42-4142,2017-10-17T13:20:22Z,2016-03-03T04:54:04Z
813-47-5215,2017-07-17T00:22:01Z,2016-10-02T05:04:12Z
815-83-0300,2017-09-24T05:16:56Z,2016-05-30T02:41:36Z
816-31-3858,2017-04-13T04:17:11Z,2016-07-30T02:46:27Z
816-47-4782,2017-09-09T12:11:28Z,2016-11-24T12:43:20Z
816-90-2049,2018-02-16T01:29:23Z,2016-10-25T07:25:19Z
817-04-1950,2017-05-24T08:43:21Z,2016-07-02T12:04:51Z
817-25-7437,2017-11-27T05:44:31Z,2016-07-06T06:49:02Z
817-80-8930,2017-10-15T05:52:17Z,2016-01-25T15:09:01Z
818-61-0770,2017-11-24T15:25:51Z,2016-08-12T07:54:17Z
819-52-5886,2018-02-24T20:44:53Z,2016-03-02T02:24:48Z
819-64-1414,2017-08-26T05:23:58Z,2016-12-12T12:04:14Z
820-96-1105,2017-06-11T20:41:22Z,2016-02-14T02:38:15Z
822-05-9037,2017-11-14T06:43:11Z,2016-03-28T01:05:25Z
822-30-4861,2018-03-06T15:41:52Z,2016-11-05T05:11:25Z
823-27-0762,2017-07-09T16:33:59Z,2016-04-19T13:46:43Z
823-75-5753,2017-11-26T01:36:57Z,2016-01-27T23:15:38Z
824-89-4169,2017-03-30T13:22:12Z,2016-11-16T16:43:21Z
826-97-8029,2018-02-26T23:21:58Z,2016-05-15T14:51:21Z
827-62-4599,2017-03-15T23:54:01Z,2016-05-21T18:17:57Z
830-23-1573,2017-02-20T23:42:00Z,2016-09-01T00:06:49Z
831-44-3286,2017-02-19T02:38:55Z,2016-05-05T03:07:14Z
833-01-1428,2017-09-22T05:07:13Z,2016-12-14T04:03:53Z
835-54-3785,2017-06-10T08:36:26Z,2016-10-04T20:10:40Z
836-40-1837,2017-11-13T06:07:05Z,2016-02-13T05:04:28Z
836-99-3309,2018-01-04T11:10:54Z,2016-09-30T11:25:21Z
837-76-5619,2017-06-28T08:29:54Z,2016-11-03T20:08:35Z
838-69-1351,2017-12-30T01:53:27Z,2016-04-27T22:22:15Z
840-41-7929,2017-07-21T04:56:59Z,2016-02-14T06:25:05Z
841-64-8517,2017-12-17T05:13:41Z,2016-06-28T23:17:28Z
842-90-7557,2017-05-13T22:21:23Z,2016-05-30T14:24:20Z
844-15-4668,2017-07-09T22:12:16Z,2016-03-27T02:46:16Z
844-50-7305,2018-01-30T07:49:07Z,2016-08-16T12:42:56Z
846-07-1407,2017-07-10T17:48:49Z,2016-03-05T11:53:15Z
846-09-9851,2017-01-25T03:03:59Z,2016-04-26T18:41:28Z
846-59-9961,2017-02-20T03:04:34Z,2016-12-28T20:41:47Z
847-34-4817,2017-02-13T03:31:14Z,2016-02-02T21:15:15Z
847-61-7656,2017-12-19T09:38:38Z,2016-01-30T09:05:32Z
848-58-3386,2018-01-21T04:10:03Z,2016-03-18T01:51:27Z
848-74-2886,2017-04-28T22:57:18Z,2016-03-16T18:07:48Z
848-76-8808,2017-01-09T20:35:16Z,2016-08-06T21:44:44Z
849-31-1551,2017-07-22T06:54:46Z,2016-04-01T21:35:44Z
849-64-6624,2018-03-23T20:28:43Z,2016-01-10T18:03:17Z
849-98-2973,2017-08-20T13:10:57Z,2016-02-26T02:40:54Z
851-94-2162,2017-10-15T12:43:02Z,2016-11-28T14:34:31Z
852-15-7707,2017-12-07T23:31:37Z,2016-03-17T17:39:10Z
853-11-8953,2017-12-30T00:36:43Z,2016-12-24T23:34:04Z
853-47-3648,2017-11-24T19:37:50Z,2016-04-22T21:36:41Z
854-68-7635,2017-05-16T14:22:39Z,2016-04-29T05:03:11Z
854-71-2983,2017-09-06T20:53:09Z,2016-11-07T05:47:14Z
854-79-5334,2017-08-29T17:57:56Z,2016-03-27T18:30:18Z
856-18-3980,2017-01-20T20:28:10Z,2016-12-08T06:52:33Z
856-27-9112,2017-12-25T10:25:28Z,2016-03-24T04:01:59Z
856-67-4080,2018-03-13T21:23:09Z,2016-06-22T03:53:18Z
857-37-5902,2018-01-20T14:44:07Z,2016-10-23T21:56:28Z
858-03-7735,2017-04-30T08:14:24Z,2016-09-04T08:24:03Z
858-27-9190,2017-02-06T07:12:02Z,2016-12-25T16:52:09Z
860-67-0256,2017-01-09T22:49:48Z,2016-02-06T04:59:26Z
860-89-2570,2017-04-15T11:12:57Z,2016-06-22T23:23:09Z
861-50-6716,2018-03-30T21:07:08Z,2016-09-16T09:12:34Z
862-20-0653,2017-05-03T14:37:42Z,2016-02-04T14:11:40Z
864-22-9364,2017-02-04T13:53:10Z,2016-12-28T00:33:08Z
864-91-7489,2017-02-03T17:51:18Z,2016-02-14T03:07:23Z
866-18-1440,2017-05-31T04:28:19Z,2016-02-02T17:47:22Z
866-53-0625,2018-02-24T20:22:43Z,2016-12-15T22:59:20Z
867-11-6007,2018-01-25T04:02:04Z,2016-10-31T14:12:16Z
867-13-6844,2017-10-31T17:48:23Z,2016-07-17T09:50:07Z
867-88-2360,2018-03-11T16:42:31Z,2016-11-04T18:34:52Z
868-32-1805,2017-09-29T17:46:17Z,2016-11-14T01:26:32Z
870-12-6609,2017-01-19T03:43:35Z,2016-06-24T16:43:15Z
870-93-1121,2017-03-03T03:45:30Z,2016-06-21T17:01:53Z
871-99-3191,2017-05-08T08:24:12Z,2016-02-27T15:43:26Z
872-18-9267,2018-03-22T21:11:58Z,2016-04-27T03:27:17Z
872-49-1288,2017-12-06T02:19:08Z,2016-06-10T10:05:19Z
873-36-4733,2017-07-23T01:30:05Z,2016-07-08T07:10:52Z
875-18-9454,2017-03-14T04:45:19Z,2016-08-19T18:23:57Z
875-75-0495,2017-12-03T21:27:47Z,2016-06-12T12:36:44Z
878-12-8265,2017-01-11T18:36:16Z,2016-03-14T14:30:37Z
880-22-4449,2017-01-13T19:50:26Z,2016-06-11T20:35:38Z
881-19-5974,2018-02-04T17:29:28Z,2016-10-05T21:57:12Z
881-88-7308,2017-08-11T11:40:28Z,2016-01-18T12:51:00Z
881-95-7180,2018-01-29T16:06:26Z,2016-11-24T12:12:51Z
882-49-5290,2017-02-10T19:26:08Z,2016-08-27T05:43:05Z
884-61-1852,2017-01-09T19:30:49Z,2016-03-18T22:13:06Z
887-41-7878,2017-03-27T13:38:47Z,2016-09-14T09:26:53Z
887-83-9002,2017-12-19T06:24:25Z,2016-05-30T02:40:28Z
888-50-7008,2018-03-06T16:54:20Z,2016-06-09T11:03:40Z
888-53-7684,2017-09-05T00:30:00Z,2016-02-12T01:35:59Z
888-82-4928,2017-12-08T14:02:48Z,2016-11-09T10:04:16Z
890-28-9962,2018-01-06T09:34:59Z,2016-02-22T15:24:59Z
893-12-0901,2018-03-27T01:24:58Z,2016-06-14T02:41:25Z
893-17-7318,2017-07-23T07:11:51Z,2016-02-28T08:01:12Z
894-81-0628,2017-03-07T04:08:28Z,2016-07-09T11:43:17Z
895-26-1658,2017-04-01T22:22:05Z,2016-11-22T06:57:45Z
895-26-5515,2017-05-13T05:52:27Z,2016-03-24T07:34:14Z
897-76-7070,2017-11-27T19:04:22Z,2016-12-12T07:39:48Z
898-03-3165,2017-06-01T19:18:49Z,2016-07-20T21:40:02Z
898-86-8860,2017-07-03T14:27:26Z,2016-11-23T23:34:17Z
899-09-1766,2017-07-31T02:26:57Z,2016-10-27T18:41:56Z
899-39-7179,2017-08-02T13:32:33Z,2016-07-27T12:47:05Z
899-39-7378,2017-03-27T19:31:32Z,2016-09-04T15:09:22Z
899-47-6116,2017-06-10T11:20:41Z,2016-04-29T12:25:23Z
